"","Date","mine_water_level"
"3784",2019-01-01,120.72
"3785",2019-01-02,120.74
"3786",2019-01-03,120.77
"3787",2019-01-04,120.76
"3788",2019-01-05,120.71
"3789",2019-01-06,120.72
"3790",2019-01-07,120.72
"3791",2019-01-08,120.63
"3792",2019-01-10,120.67
"3793",2019-01-11,120.67
"3794",2019-01-12,120.66
"3795",2019-01-13,120.58
"3796",2019-01-14,120.57
"3797",2019-01-15,120.65
"3798",2019-01-16,120.6
"3799",2019-01-17,120.52
"3800",2019-01-18,120.63
"3801",2019-01-19,120.63
"3802",2019-01-20,120.59
"3803",2019-01-21,120.66
"3804",2019-01-22,120.58
"3805",2019-01-23,120.48
"3806",2019-01-24,120.57
"3807",2019-01-25,120.61
"3808",2019-01-26,120.57
"3809",2019-01-27,120.43
"3810",2019-01-28,120.45
"3811",2019-01-29,120.57
"3812",2019-01-30,120.45
"3813",2019-01-31,120.49
"3814",2019-02-01,120.42
"3815",2019-02-02,120.46
"3816",2019-02-03,120.61
"3817",2019-02-04,120.68
"3818",2019-02-05,120.65
"3819",2019-02-06,120.62
"3820",2019-02-07,120.52
"3821",2019-02-08,120.54
"3822",2019-02-09,120.46
"3823",2019-02-10,120.45
"3824",2019-02-11,120.53
"3825",2019-02-12,120.66
"3826",2019-02-13,120.65
"3827",2019-02-14,120.63
"3828",2019-02-15,120.59
"3829",2019-02-16,120.54
"3830",2019-02-17,120.51
"3831",2019-02-18,120.48
"3832",2019-02-19,120.47
"3833",2019-02-20,120.49
"3834",2019-02-21,120.51
"3835",2019-02-22,120.54
"3836",2019-02-23,120.56
"3837",2019-02-24,120.53
"3838",2019-02-25,120.53
"3839",2019-02-26,120.49
"3840",2019-02-27,120.45
"3841",2019-02-28,120.38
"3842",2019-03-01,120.33
"3843",2019-03-02,120.39
"3844",2019-03-03,120.36
"3845",2019-03-04,120.29
"3846",2019-03-05,120.34
"3847",2019-03-06,120.33
"3848",2019-03-07,120.27
"3849",2019-03-08,120.32
"3850",2019-03-09,120.32
"3851",2019-03-10,120.31
"3852",2019-03-11,120.31
"3853",2019-03-12,120.33
"3854",2019-03-13,120.27
"3855",2019-03-14,120.27
"3856",2019-03-15,120.26
"3857",2019-03-16,120.24
"3858",2019-03-17,120.18
"3859",2019-03-18,120.21
"3860",2019-03-19,120.23
"3861",2019-03-20,120.22
"3862",2019-03-21,120.2
"3863",2019-03-22,120.16
"3864",2019-03-23,120.12
"3865",2019-03-24,120.1
"3866",2019-03-25,120.05
"3867",2019-03-26,120.06
"3868",2019-03-27,120.04
"3869",2019-03-28,120.02
"3870",2019-03-29,119.99
"3871",2019-03-30,119.94
"3872",2019-03-31,119.91
"3873",2019-04-01,119.9
"3874",2019-04-02,119.84
"3875",2019-04-03,119.79
"3876",2019-04-04,119.76
"3877",2019-04-05,119.77
"3878",2019-04-06,119.75
"3879",2019-04-07,119.72
"3880",2019-04-08,119.72
"3881",2019-04-09,119.71
"3882",2019-04-10,119.69
"3883",2019-04-11,119.7
"3884",2019-04-12,119.69
"3885",2019-04-13,119.67
"3886",2019-04-14,119.65
"3887",2019-04-15,119.64
"3888",2019-04-16,119.59
"3889",2019-04-17,119.58
"3890",2019-04-18,119.59
"3891",2019-04-19,119.56
"3892",2019-04-20,119.56
"3893",2019-04-21,119.5
"3894",2019-04-22,119.41
"3895",2019-04-23,119.33
"3896",2019-04-24,119.31
"3897",2019-04-25,119.35
"3898",2019-04-26,119.38
"3899",2019-04-27,119.37
"3900",2019-04-28,119.37
"3901",2019-04-29,119.4
"3902",2019-04-30,119.38
"3903",2019-05-01,119.33
"3904",2019-05-02,119.28
"3905",2019-05-03,119.27
"3906",2019-05-04,119.24
"3907",2019-05-05,119.29
"3908",2019-05-06,119.29
"3909",2019-05-07,119.26
"3910",2019-05-08,119.16
"3911",2019-05-09,119.09
"3912",2019-05-10,119.15
"3913",2019-05-11,119.16
"3914",2019-05-12,119.28
"3915",2019-05-13,119.31
"3916",2019-05-14,119.26
"3917",2019-05-15,119.19
"3918",2019-05-16,119.13
"3919",2019-05-17,119.05
"3920",2019-05-18,119.03
"3921",2019-05-19,119.02
"3922",2019-05-20,119.03
"3923",2019-05-21,119.02
"3924",2019-05-22,119.05
"3925",2019-05-23,119.04
"3926",2019-05-24,119.03
"3927",2019-05-25,119.04
"3928",2019-05-26,119.03
"3929",2019-05-27,119
"3930",2019-05-28,118.99
"3931",2019-05-29,119.05
"3932",2019-05-30,119.05
"3933",2019-05-31,119.05
"3934",2019-06-01,119.05
"3935",2019-06-02,119.02
"3936",2019-06-03,119
"3937",2019-06-04,119.02
"3938",2019-06-05,118.99
"3939",2019-06-06,118.93
"3940",2019-06-07,118.95
"3941",2019-06-08,118.93
"3942",2019-06-09,119.01
"3943",2019-06-10,118.92
"3944",2019-06-11,118.9
"3945",2019-06-12,118.88
"3946",2019-06-13,118.89
"3947",2019-06-14,118.89
"3948",2019-06-15,118.86
"3949",2019-06-16,118.91
"3950",2019-06-17,118.91
"3951",2019-06-18,118.86
"3952",2019-06-19,118.81
"3953",2019-06-20,118.82
"3954",2019-06-21,118.87
"3955",2019-06-22,118.88
"3956",2019-06-23,118.84
"3957",2019-06-24,118.84
"3958",2019-06-25,118.81
"3959",2019-06-26,118.85
"3960",2019-06-27,118.86
"3961",2019-06-28,118.84
"3962",2019-06-29,118.8
"3963",2019-06-30,118.74
"3964",2019-07-01,118.77
"3965",2019-07-02,118.8
"3966",2019-07-03,118.8
"3967",2019-07-04,118.8
"3968",2019-07-05,118.75
"3969",2019-07-06,118.71
"3970",2019-07-07,118.71
"3971",2019-07-08,118.74
"3972",2019-07-09,118.75
"3973",2019-07-10,118.74
"3974",2019-07-11,118.69
"3975",2019-07-12,118.67
"3976",2019-07-13,118.7
"3977",2019-07-14,118.71
"3978",2019-07-15,118.7
"3979",2019-07-16,118.69
"3980",2019-07-17,118.67
"3981",2019-07-18,118.64
"3982",2019-07-19,118.65
"3983",2019-07-20,118.63
"3984",2019-07-21,118.67
"3985",2019-07-22,118.7
"3986",2019-07-23,118.68
"3987",2019-07-24,118.62
"3988",2019-07-25,118.63
"3989",2019-07-26,118.59
"3990",2019-07-27,118.55
"3991",2019-07-28,118.53
"3992",2019-07-29,118.6
"3993",2019-07-30,118.59
"3994",2019-07-31,118.61
"3995",2019-08-01,118.62
"3996",2019-08-02,118.6
"3997",2019-08-03,118.6
"3998",2019-08-04,118.6
"3999",2019-08-05,118.55
"4000",2019-08-06,118.56
"4001",2019-08-07,118.53
"4002",2019-08-08,118.55
"4003",2019-08-09,118.54
"4004",2019-08-10,118.53
"4005",2019-08-11,118.57
"4006",2019-08-12,118.56
"4007",2019-08-13,118.56
"4008",2019-08-14,118.57
"4009",2019-08-15,118.51
"4010",2019-08-16,118.56
"4011",2019-08-17,118.49
"4012",2019-08-18,118.5
"4013",2019-08-19,118.53
"4014",2019-08-20,118.57
"4015",2019-08-21,118.6
"4016",2019-08-22,118.57
"4017",2019-08-23,118.57
"4018",2019-08-24,118.54
"4019",2019-08-25,118.52
"4020",2019-08-26,118.52
"4021",2019-08-27,118.49
"4022",2019-08-28,118.48
"4023",2019-08-29,118.5
"4024",2019-08-30,118.53
"4025",2019-08-31,118.49
"4026",2019-09-01,118.46
"4027",2019-09-02,118.52
"4028",2019-09-03,118.52
"4029",2019-09-04,118.49
"4030",2019-09-05,118.47
"4031",2019-09-06,118.53
"4032",2019-09-07,118.48
"4033",2019-09-08,118.48
"4034",2019-09-09,118.46
"4035",2019-09-10,118.42
"4036",2019-09-11,118.54
"4037",2019-09-12,118.63
"4038",2019-09-13,118.71
"4039",2019-09-14,118.77
"4040",2019-09-15,118.76
"4041",2019-09-16,118.78
"4042",2019-09-17,118.82
"4043",2019-09-18,118.89
"4044",2019-09-19,118.93
"4045",2019-09-20,118.95
"4046",2019-09-21,118.83
"4047",2019-09-22,118.72
"4048",2019-09-23,118.72
"4049",2019-09-24,118.68
"4050",2019-09-25,118.62
"4051",2019-09-26,118.62
"4052",2019-09-27,118.61
"4053",2019-09-28,118.57
"4054",2019-09-29,118.54
"4055",2019-09-30,118.52
"4056",2019-10-01,118.49
"4057",2019-10-02,118.5
"4058",2019-10-03,118.57
"4059",2019-10-04,118.5
"4060",2019-10-05,118.5
"4061",2019-10-06,118.51
"4062",2019-10-07,118.5
"4063",2019-10-08,118.47
"4064",2019-10-09,118.45
"4065",2019-10-10,118.45
"4066",2019-10-11,118.47
"4067",2019-10-12,118.43
"4068",2019-10-13,118.43
"4069",2019-10-14,118.45
"4070",2019-10-15,118.4
"4071",2019-10-16,118.42
"4072",2019-10-17,118.41
"4073",2019-10-18,118.4
"4074",2019-10-19,118.39
"4075",2019-10-20,118.39
"4076",2019-10-21,118.41
"4077",2019-10-22,118.46
"4078",2019-10-23,118.43
"4079",2019-10-24,118.36
"4080",2019-10-25,118.41
"4081",2019-10-26,118.4
"4082",2019-10-27,118.38
"4083",2019-10-28,118.43
"4084",2019-10-29,118.41
"4085",2019-10-30,118.43
"4086",2019-10-31,118.4
"4087",2019-11-01,118.34
"4088",2019-11-02,118.22
"4089",2019-11-03,118.21
"4090",2019-11-04,118.23
"4091",2019-11-05,118.27
"4092",2019-11-06,118.3
"4093",2019-11-07,118.28
"4094",2019-11-08,118.3
"4095",2019-11-09,118.33
"4096",2019-11-10,118.32
"4097",2019-11-11,118.33
"4098",2019-11-12,118.27
"4099",2019-11-13,118.26
"4100",2019-11-14,118.25
"4101",2019-11-15,118.25
"4102",2019-11-16,118.29
"4103",2019-11-17,118.32
"4104",2019-11-18,118.28
"4105",2019-11-19,118.32
"4106",2019-11-20,118.34
"4107",2019-11-21,118.28
"4108",2019-11-22,118.25
"4109",2019-11-23,118.21
"4110",2019-11-24,118.24
"4111",2019-11-25,118.27
"4112",2019-11-26,118.24
"4113",2019-11-27,118.17
"4114",2019-11-28,118.16
"4115",2019-11-29,118.24
"4116",2019-11-30,118.35
"4117",2019-12-01,118.31
"4118",2019-12-02,118.33
"4119",2019-12-03,118.34
"4120",2019-12-04,118.3
"4121",2019-12-05,118.28
"4122",2019-12-06,118.24
"4123",2019-12-07,118.22
"4124",2019-12-08,118.21
"4125",2019-12-09,118.16
"4126",2019-12-10,118.32
"4127",2019-12-11,118.22
"4128",2019-12-12,118.18
"4129",2019-12-13,118.03
"4130",2019-12-14,118.08
"4131",2019-12-15,118.15
"4132",2019-12-16,118.22
"4133",2019-12-17,118.17
"4134",2019-12-18,118.24
"4135",2019-12-19,118.23
"4136",2019-12-20,118.11
"4137",2019-12-21,118.11
"4138",2019-12-22,118.04
"4139",2019-12-23,118.16
"4140",2019-12-24,118.23
"4141",2019-12-25,118.21
"4142",2019-12-26,118.27
"4143",2019-12-27,118.21
"4144",2019-12-28,118.32
"4145",2019-12-29,118.3
"4146",2019-12-30,118.26
"4147",2019-12-31,118.24
"4148",2020-01-01,118.24
"4149",2020-01-02,118.21
"4150",2020-01-03,118.14
"4151",2020-01-04,118.21
"4152",2020-01-05,118.24
"4153",2020-01-06,118.19
"4154",2020-01-07,118.15
"4155",2020-01-08,118.14
"4156",2020-01-09,118.11
"4157",2020-01-10,118.07
"4158",2020-01-11,118.18
"4159",2020-01-12,118.11
"4160",2020-01-13,118.09
"4161",2020-01-14,117.99
"4162",2020-01-15,118.02
"4163",2020-01-16,118.11
"4164",2020-01-17,118.04
"4165",2020-01-18,118.08
"4166",2020-01-19,118.13
"4167",2020-01-20,118.21
"4168",2020-01-21,118.16
"4169",2020-01-22,118.11
"4170",2020-01-23,118.09
"4171",2020-01-24,118.02
"4172",2020-01-25,118.01
"4173",2020-01-26,117.98
"4174",2020-01-27,117.94
"4175",2020-01-28,117.85
"4176",2020-01-29,117.92
"4177",2020-01-30,117.96
"4178",2020-01-31,117.93
"4179",2020-02-01,117.92
"4180",2020-02-02,117.95
"4181",2020-02-03,117.94
"4182",2020-02-04,117.91
"4183",2020-02-05,118.04
"4184",2020-02-06,118.03
"4185",2020-02-07,117.98
"4186",2020-02-08,117.92
"4187",2020-02-09,117.89
"4188",2020-02-10,117.75
"4189",2020-02-11,117.81
"4190",2020-02-12,117.86
"4191",2020-02-13,117.85
"4192",2020-02-14,117.84
"4193",2020-02-15,117.88
"4194",2020-02-16,117.79
"4195",2020-02-17,117.81
"4196",2020-02-18,117.85
"4197",2020-02-19,117.78
"4198",2020-02-20,117.79
"4199",2020-02-21,117.82
"4200",2020-02-22,117.79
"4201",2020-02-23,117.77
"4202",2020-02-24,117.78
"4203",2020-02-25,117.64
"4204",2020-02-26,117.58
"4205",2020-02-27,117.65
"4206",2020-02-28,117.7
"4207",2020-02-29,117.57
"4208",2020-03-01,117.54
"4209",2020-03-02,117.52
"4210",2020-03-03,117.54
"4211",2020-03-04,117.58
"4212",2020-03-05,117.51
"4213",2020-03-06,117.39
"4214",2020-03-07,117.56
"4215",2020-03-08,117.54
"4216",2020-03-09,117.46
"4217",2020-03-10,117.42
"4218",2020-03-11,117.42
"4219",2020-03-12,117.37
"4220",2020-03-13,117.39
"4221",2020-03-14,117.39
"4222",2020-03-15,117.32
"4223",2020-03-16,117.27
"4224",2020-03-17,117.32
"4225",2020-03-18,117.28
"4226",2020-03-19,117.21
"4227",2020-03-20,117.16
"4228",2020-03-21,117.14
"4229",2020-03-22,117.11
"4230",2020-03-23,117.1
"4231",2020-03-24,117.06
"4232",2020-03-25,117
"4233",2020-03-26,116.92
"4234",2020-03-27,116.89
"4235",2020-03-28,116.86
"4236",2020-03-29,116.87
"4237",2020-03-30,116.88
"4238",2020-03-31,116.81
"4239",2020-04-01,116.75
"4240",2020-04-02,116.68
"4241",2020-04-03,116.64
"4242",2020-04-04,116.67
"4243",2020-04-05,116.63
"4244",2020-04-06,116.57
"4245",2020-04-07,116.62
"4246",2020-04-08,116.56
"4247",2020-04-09,116.52
"4248",2020-04-10,116.51
"4249",2020-04-11,116.47
"4250",2020-04-12,116.4
"4251",2020-04-13,116.36
"4252",2020-04-14,116.41
"4253",2020-04-15,116.37
"4254",2020-04-16,116.3
"4255",2020-04-17,116.28
"4256",2020-06-06,115.67
"4257",2020-06-07,115.69
"4258",2020-06-08,115.75
"4259",2020-06-09,115.76
"4260",2020-06-10,115.74
"4261",2020-06-11,115.69
"4262",2020-06-12,115.66
"4263",2020-06-13,115.68
"4264",2020-06-14,115.69
"4265",2020-06-15,115.7
"4266",2020-06-16,115.68
"4267",2020-06-17,115.65
"4268",2020-06-18,115.63
"4269",2020-06-19,115.65
"4270",2020-06-20,115.68
"4271",2020-06-21,115.66
"4272",2020-06-22,115.67
"4273",2020-06-23,115.68
"4274",2020-06-24,115.64
"4275",2020-06-25,115.62
"4276",2020-06-26,115.57
"4277",2020-06-27,115.55
"4278",2020-06-28,115.55
"4279",2020-06-29,115.56
"4280",2020-06-30,115.54
"4281",2020-07-01,115.52
"4282",2020-07-02,115.53
"4283",2020-07-03,115.56
"4284",2020-07-04,115.55
"4285",2020-07-05,115.52
"4286",2020-07-06,115.53
"4287",2020-07-07,115.57
"4288",2020-07-08,115.52
"4289",2020-07-09,115.51
"4290",2020-07-10,115.47
"4291",2020-07-11,115.55
"4292",2020-07-12,115.57
"4293",2020-07-13,115.54
"4294",2020-07-14,115.49
"4295",2020-07-15,115.47
"4296",2020-07-16,115.48
"4297",2020-07-17,115.5
"4298",2020-07-18,115.49
"4299",2020-07-19,115.47
"4300",2020-07-20,115.47
"4301",2020-07-21,115.5
"4302",2020-07-22,115.5
"4303",2020-07-23,115.47
"4304",2020-07-24,115.42
"4305",2020-07-25,115.42
"4306",2020-07-26,115.4
"4307",2020-07-27,115.45
"4308",2020-07-28,115.4
"4309",2020-07-29,115.46
"4310",2020-07-30,115.47
"4311",2020-07-31,115.44
"4312",2020-08-01,115.41
"4313",2020-08-02,115.43
"4314",2020-08-03,115.42
"4315",2020-08-04,115.43
"4316",2020-08-05,115.43
"4317",2020-08-06,115.44
"4318",2020-08-07,115.45
"4319",2020-08-08,115.45
"4320",2020-08-09,115.44
"4321",2020-08-10,115.42
"4322",2020-08-11,115.42
"4323",2020-08-12,115.42
"4324",2020-08-13,115.41
"4325",2020-08-14,115.41
"4326",2020-08-15,115.42
"4327",2020-08-16,115.4
"4328",2020-08-17,115.38
"4329",2020-08-18,115.39
"4330",2020-08-19,115.39
"4331",2020-08-20,115.36
"4332",2020-08-21,115.36
"4333",2020-08-22,115.41
"4334",2020-08-23,115.42
"4335",2020-08-24,115.41
"4336",2020-08-25,115.39
"4337",2020-08-26,115.34
"4338",2020-08-27,115.42
"4339",2020-08-28,115.33
"4340",2020-08-29,115.33
"4341",2020-08-30,115.37
"4342",2020-08-31,115.4
"4343",2020-09-01,115.42
"4344",2020-09-02,115.41
"4345",2020-09-03,115.41
"4346",2020-09-04,115.41
"4347",2020-09-05,115.4
"4348",2020-09-06,115.41
"4349",2020-09-07,115.42
"4350",2020-09-08,115.43
"4351",2020-09-09,115.41
"4352",2020-09-10,115.42
"4353",2020-09-11,115.38
"4354",2020-09-12,115.41
"4355",2020-09-13,115.45
"4356",2020-09-14,115.44
"4357",2020-09-15,115.42
"4358",2020-09-16,115.41
"4359",2020-09-17,115.45
"4360",2020-09-18,115.43
"4361",2020-09-19,115.41
"4362",2020-09-20,115.4
"4363",2020-09-21,115.4
"4364",2020-09-22,115.38
"4365",2020-09-23,115.36
"4366",2020-09-24,115.35
"4367",2020-09-25,115.32
"4368",2020-09-26,115.31
"4369",2020-09-27,115.33
"4370",2020-09-28,115.38
"4371",2020-09-29,115.4
"4372",2020-09-30,115.4
"4373",2020-10-01,115.36
"4374",2020-10-02,115.33
"4375",2020-10-03,115.3
"4376",2020-10-04,115.3
"4377",2020-10-05,115.35
"4378",2020-10-06,115.36
"4379",2020-10-07,115.37
"4380",2020-10-08,115.41
"4381",2020-10-09,115.41
"4382",2020-10-10,115.41
"4383",2020-10-11,115.41
"4384",2020-10-12,115.41
"4385",2020-10-13,115.38
"4386",2020-10-14,115.39
"4387",2020-10-15,115.4
"4388",2020-10-16,115.41
"4389",2020-10-17,115.41
"4390",2020-10-18,115.41
"4391",2020-10-19,115.41
"4392",2020-10-20,115.36
"4393",2020-10-21,115.35
"4394",2020-10-22,115.37
"4395",2020-10-23,115.38
"4396",2020-10-24,115.38
"4397",2020-10-25,115.35
"4398",2020-10-26,115.34
"4399",2020-10-27,115.35
"4400",2020-10-28,115.35
"4401",2020-10-29,115.37
"4402",2020-10-30,115.39
"4403",2020-10-31,115.41
"4404",2020-11-01,115.38
"4405",2020-11-02,115.36
"4406",2020-11-03,115.4
"4407",2020-11-04,115.44
"4408",2020-11-05,115.49
"4409",2020-11-06,115.46
"4410",2020-11-07,115.41
"4411",2020-11-08,115.4
"4412",2020-11-09,115.4
"4413",2020-11-10,115.41
"4414",2020-11-11,115.42
"4415",2020-11-12,115.37
"4416",2020-11-13,115.38
"4417",2020-11-14,115.38
"4418",2020-11-15,115.35
"4419",2020-11-16,115.35
"4420",2020-11-17,115.41
"4421",2020-11-18,115.43
"4422",2020-11-19,115.41
"4423",2020-11-20,115.45
"4424",2020-11-21,115.44
"4425",2020-11-22,115.4
"4426",2020-11-23,115.4
"4427",2020-11-24,115.4
"4428",2020-11-25,115.34
"4429",2020-11-26,115.37
"4430",2020-11-27,115.37
"4431",2020-11-28,115.36
"4432",2020-11-29,115.4
"4433",2020-11-30,115.41
"4434",2020-12-01,115.34
"4435",2020-12-02,115.38
"4436",2020-12-03,115.32
"4437",2020-12-04,115.19
"4438",2020-12-05,115.26
"4439",2020-12-06,115.31
"4440",2020-12-07,115.31
"4441",2020-12-08,115.32
"4442",2020-12-09,115.35
"4443",2020-12-10,115.34
"4444",2020-12-11,115.31
"4445",2020-12-12,115.27
"4446",2020-12-13,115.36
"4447",2020-12-14,115.35
"4448",2020-12-15,115.35
"4449",2020-12-16,115.4
"4450",2020-12-17,115.38
"4451",2020-12-18,115.42
"4452",2020-12-19,115.38
"4453",2020-12-20,115.38
"4454",2020-12-21,115.4
"4455",2020-12-22,115.35
"4456",2020-12-23,115.37
"4457",2020-12-24,115.34
"4458",2020-12-25,115.4
"4459",2020-12-26,115.43
"4460",2020-12-27,115.3
"4461",2020-12-28,115.21
"4462",2020-12-29,115.27
"4463",2020-12-30,115.35
"4464",2020-12-31,115.37
"4465",2021-01-01,115.39
"4466",2021-01-02,115.42
"4467",2021-01-03,115.41
"4468",2021-01-04,115.4
"4469",2021-01-05,115.39
"4470",2021-01-06,115.4
"4471",2021-01-07,115.41
"4472",2021-01-08,115.38
"4473",2021-01-09,115.42
"4474",2021-01-10,115.42
"4475",2021-01-11,115.41
"4476",2021-01-12,115.34
"4477",2021-01-13,115.39
"4478",2021-01-14,115.39
"4479",2021-01-15,115.41
"4480",2021-01-16,115.47
"4481",2021-01-17,115.37
"4482",2021-01-18,115.42
"4483",2021-01-19,115.37
"4484",2021-01-20,115.33
"4485",2021-01-21,115.27
"4486",2021-01-22,115.27
"4487",2021-01-23,115.33
"4488",2021-01-24,115.31
"4489",2021-01-25,115.32
"4490",2021-01-26,115.4
"4491",2021-01-27,115.39
"4492",2021-01-28,115.34
"4493",2021-01-29,115.31
"4494",2021-01-30,115.31
"4495",2021-01-31,115.31
"4496",2021-02-01,115.24
"4497",2021-02-02,115.29
"4498",2021-02-03,115.31
"4499",2021-02-04,115.37
"4500",2021-02-05,115.34
"4501",2021-02-06,115.31
"4502",2021-02-07,115.23
"4503",2021-02-08,115.2
"4504",2021-02-09,115.21
"4505",2021-02-10,115.22
"4506",2021-02-11,115.29
"4507",2021-02-12,115.3
"4508",2021-02-13,115.32
"4509",2021-02-14,115.29
"4510",2021-02-15,115.21
"4511",2021-02-16,115.14
"4512",2021-02-17,115.1
"4513",2021-02-18,115.09
"4514",2021-02-19,115.1
"4515",2021-02-20,115.06
"4516",2021-02-21,115.04
"4517",2021-02-22,115.04
"4518",2021-02-23,115.07
"4519",2021-02-24,115.07
"4520",2021-02-25,115.03
"4521",2021-02-26,115.05
"4522",2021-02-27,115.06
"4523",2021-02-28,115.05
"4524",2021-03-01,115
"4525",2021-03-02,115
"4526",2021-03-03,114.99
"4527",2021-03-04,114.96
"4528",2021-03-05,114.92
"4529",2021-03-06,114.97
"4530",2021-03-07,114.93
"4531",2021-03-08,114.87
"4532",2021-03-09,114.85
"4533",2021-03-10,114.86
"4534",2021-03-11,114.77
"4535",2021-03-12,114.78
"4536",2021-03-13,114.73
"4537",2021-03-14,114.75
"4538",2021-03-15,114.78
"4539",2021-03-16,114.84
"4540",2021-03-17,114.88
"4541",2021-03-18,114.83
"4542",2021-03-19,114.78
"4543",2021-03-20,114.78
"4544",2021-03-21,114.8
"4545",2021-03-22,114.76
"4546",2021-03-23,114.74
"4547",2021-03-24,114.74
"4548",2021-03-25,114.74
"4549",2021-03-26,114.74
"4550",2021-03-27,114.7
"4551",2021-03-28,114.75
"4552",2021-03-29,114.71
"4553",2021-03-30,114.72
"4554",2021-03-31,114.73
"4555",2021-04-01,114.64
"4556",2021-04-02,114.63
"4557",2021-04-03,114.63
"4558",2021-04-04,114.63
"4559",2021-04-05,114.57
"4560",2021-04-06,114.54
"4561",2021-04-07,114.53
"4562",2021-04-08,114.56
"4563",2021-04-09,114.54
"4564",2021-04-10,114.52
"4565",2021-04-11,114.48
"4566",2021-04-12,114.55
"4567",2021-04-13,114.56
"4568",2021-04-14,114.56
"4569",2021-04-15,114.53
"4570",2021-04-16,114.5
"4571",2021-04-17,114.48
"4572",2021-04-18,114.46
"4573",2021-04-19,114.45
"4574",2021-04-20,114.4
"4575",2021-04-21,114.4
"4576",2021-04-22,114.47
"4577",2021-04-23,114.48
"4578",2021-04-24,114.45
"4579",2021-04-25,114.41
"4580",2021-04-26,114.35
"4581",2021-04-27,114.3
"4582",2021-04-28,114.29
"4583",2021-04-29,114.26
"4584",2021-04-30,114.3
"4585",2021-05-01,114.32
"4586",2021-05-02,114.35
"4587",2021-05-03,114.34
"4588",2021-05-04,114.21
"4589",2021-05-05,114.22
"4590",2021-05-06,114.25
"4591",2021-05-07,114.25
"4592",2021-05-08,114.28
"4593",2021-05-09,114.2
"4594",2021-05-10,114.17
"4595",2021-05-11,114.22
"4596",2021-05-12,114.23
"4597",2021-05-13,114.19
"4598",2021-05-14,114.19
"4599",2021-05-15,114.18
"4600",2021-05-16,114.16
"4601",2021-05-17,114.14
"4602",2021-05-18,114.18
"4603",2021-05-19,114.2
"4604",2021-05-20,114.21
"4605",2021-05-21,114.16
"4606",2021-05-22,114.08
"4607",2021-05-23,114.13
"4608",2021-05-24,114.11
"4609",2021-05-25,114.12
"4610",2021-05-26,114.12
"4611",2021-05-28,114.15
"4612",2021-05-29,114.15
"4613",2021-05-30,114.17
"4614",2021-05-31,114.11
"4615",2021-06-01,114.13
"4616",2021-06-02,114.06
"4617",2021-06-03,114.06
"4618",2021-06-04,114.08
"4619",2021-06-05,114.06
"4620",2021-06-06,114.07
"4621",2021-06-07,114.11
"4622",2021-06-08,114.04
"4623",2021-06-09,114.03
"4624",2021-06-10,114.02
"4625",2021-06-11,114
"4626",2021-06-12,114.04
"4627",2021-06-13,114.08
"4628",2021-06-14,114.03
"4629",2021-06-15,113.98
"4630",2021-06-16,113.96
"4631",2021-06-17,113.96
"4632",2021-06-18,113.96
"4633",2021-06-19,113.92
"4634",2021-06-20,113.91
"4635",2021-06-21,113.9
"4636",2021-06-22,113.89
"4637",2021-06-23,113.91
"4638",2021-06-24,113.91
"4639",2021-06-25,113.9
"4640",2021-06-26,113.9
"4641",2021-06-27,113.89
"4642",2021-06-28,113.9
"4643",2021-06-29,113.88
"4644",2021-06-30,113.87
"4645",2021-07-01,113.86
"4646",2021-07-02,113.85
"4647",2021-07-03,113.84
"4648",2021-07-04,113.83
"4649",2021-07-05,113.81
"4650",2021-07-06,113.8
"4651",2021-07-07,113.77
"4652",2021-07-08,113.78
"4653",2021-07-09,113.78
"4654",2021-07-10,113.82
"4655",2021-07-11,113.77
"4656",2021-07-12,113.75
"4657",2021-07-13,113.74
"4658",2021-07-14,113.73
"4659",2021-07-15,113.73
"4660",2021-07-16,113.7
"4661",2021-07-17,113.71
"4662",2021-07-18,113.68
"4663",2021-07-19,113.64
"4664",2021-07-20,113.65
"4665",2021-07-21,113.57
"4666",2021-07-22,113.54
"4667",2021-07-23,113.52
"4668",2021-07-24,113.47
"4669",2021-07-25,113.43
"4670",2021-07-26,113.37
"4671",2021-07-27,113.37
"4672",2021-07-28,113.35
"4673",2021-07-29,113.3
"4674",2021-07-30,113.27
"4675",2021-07-31,113.23
"4676",2021-08-01,113.2
"4677",2021-08-02,113.18
"4678",2021-08-03,113.17
"4679",2021-08-04,113.16
"4680",2021-08-05,113.13
"4681",2021-08-06,113.13
"4682",2021-08-07,113.07
"4683",2021-08-08,113.04
"4684",2021-08-09,113.05
"4685",2021-08-10,113.04
"4686",2021-08-11,113.01
"4687",2021-08-12,113
"4688",2021-08-13,112.97
"4689",2021-08-14,112.96
"4690",2021-08-15,112.9
"4691",2021-08-16,112.86
"4692",2021-08-17,112.91
"4693",2021-08-18,112.85
"4694",2021-08-19,112.82
"4695",2021-08-20,112.8
"4696",2021-08-21,112.81
"4697",2021-08-22,112.8
"4698",2021-08-23,112.76
"4699",2021-08-24,112.79
"4700",2021-08-25,112.77
"4701",2021-08-26,112.69
"4702",2021-08-27,112.68
"4703",2021-08-28,112.68
"4704",2021-08-29,112.66
"4705",2021-08-30,112.64
"4706",2021-08-31,112.64
"4707",2021-09-01,112.63
"4708",2021-09-02,112.61
"4709",2021-09-03,112.59
"4710",2021-09-04,112.52
"4711",2021-09-05,112.48
"4712",2021-09-06,112.45
"4713",2021-09-07,112.43
"4714",2021-09-08,112.43
"4715",2021-09-09,112.4
"4716",2021-09-10,112.36
"4717",2021-09-11,112.37
"4718",2021-09-12,112.36
"4719",2021-09-13,112.34
"4720",2021-09-14,112.33
"4721",2021-09-15,112.3
"4722",2021-09-16,112.28
"4723",2021-09-17,112.26
"4724",2021-09-18,112.24
"4725",2021-09-19,112.23
"4726",2021-09-20,112.23
"4727",2021-09-21,112.27
"4728",2021-09-22,112.27
"4729",2021-09-23,112.24
"4730",2021-09-24,112.21
"4731",2021-09-25,112.17
"4732",2021-09-26,112.16
"4733",2021-09-27,112.15
"4734",2021-09-28,112.17
"4735",2021-09-29,112.15
"4736",2021-09-30,112.13
"4737",2021-10-01,112.11
"4738",2021-10-02,112.07
"4739",2021-10-03,111.94
"4740",2021-10-04,112.03
"4741",2021-10-05,112.02
"4742",2021-10-06,111.97
"4743",2021-10-07,112.02
"4744",2021-10-08,112.03
"4745",2021-10-09,112.01
"4746",2021-10-10,112
"4747",2021-10-11,111.99
"4748",2021-10-12,111.98
"4749",2021-10-13,111.97
"4750",2021-10-14,111.95
"4751",2021-10-15,111.94
"4752",2021-10-16,111.92
"4753",2021-10-17,111.91
"4754",2021-10-18,111.89
"4755",2021-10-19,111.89
"4756",2021-10-20,111.84
"4757",2021-10-21,111.68
"4758",2021-10-22,111.86
"4759",2021-10-23,111.87
"4760",2021-10-24,111.86
"4761",2021-10-25,111.85
"4762",2021-10-26,111.84
"4763",2021-10-27,111.82
"4764",2021-10-28,111.8
"4765",2021-10-29,111.77
"4766",2021-10-30,111.73
"4767",2021-10-31,111.74
"4768",2021-11-01,111.65
